Workers,ElapsedSeconds
1,76.770791
2,46.166721
4,32.396168
8,22.836593
16,24.840619
